Feature,Coefficient
Data_Lag1,-825.0064999334431
Data_Diff,17.21827103320762
Data_Pct_Change,0.23769960360863962
