Feature,Coefficient
Data_Lag1,-0.34974108457963926
Data_Diff,-0.18488072723196886
